{"theta": 21.270427703857422, "O": 3.334425449371338, "t_min": 0.007543108891695738, "t_max": 0.25316321849823}